,1.0,1.25,1.5,1.75,2.0,2.25,2.5,2.75,3.0,3.25,3.5,3.75,4.0,4.25,4.5,4.75,5.0,5.25,5.5,5.75,6.0,6.25,6.5,6.75,7.0,7.25,7.5,7.75,8.0,8.25,8.5,8.75,9.0,9.25,9.5,9.75,10.0,10.25,10.5,10.75,11.0,11.25,11.5,11.75,12.0,12.25,12.5,12.75,13.0,13.25,13.5,13.75,14.0,14.25,14.5,14.75,15.0,15.25,15.5,15.75,16.0,16.25,16.5,16.75,17.0,17.25,17.5,17.75,18.0,18.25,18.5,18.75,19.0,19.25,19.5,19.75,20.0
ALTO_6_N101,4.0,4.25,4.5,4.75,5.0,5.25,5.5,5.75,6.0,6.25,6.5,6.75,7.0,7.25,7.5,7.75,8.0,8.25,8.5,8.75,9.0,9.25,9.5,9.75,10.0,10.25,10.5,10.75,11.0,11.25,11.5,11.75,12.0,12.25,12.5,12.75,13.0,13.25,13.5,13.75,14.0,14.25,14.5,14.75,15.0,15.25,15.5,15.75,16.0,16.25,16.5,16.75,17.0,17.25,17.5,17.75,18.0,18.25,18.5,18.75,19.0,19.25,19.5,19.75,20.0,20.25,20.5,20.75,21.0,21.25,21.5,21.75,22.0,22.25,22.5,22.75,23.0
ALTWIND_1_N001,3.0,3.25,3.5,3.75,4.0,4.25,4.5,4.75,5.0,5.25,5.5,5.75,6.0,6.25,6.5,6.75,7.0,7.25,7.5,7.75,8.0,8.25,8.5,8.75,9.0,9.25,9.5,9.75,10.0,10.25,10.5,10.75,11.0,11.25,11.5,11.75,12.0,12.25,12.5,12.75,13.0,13.25,13.5,13.75,14.0,14.25,14.5,14.75,15.0,15.25,15.5,15.75,16.0,16.25,16.5,16.75,17.0,17.25,17.5,17.75,18.0,18.25,18.5,18.75,19.0,19.25,19.5,19.75,20.0,20.25,20.5,20.75,21.0,21.25,21.5,21.75,22.0
AVOCADO_6_N002,6.0,6.25,6.5,6.75,7.0,7.25,7.5,7.75,8.0,8.25,8.5,8.75,9.0,9.25,9.5,9.75,10.0,10.25,10.5,10.75,11.0,11.25,11.5,11.75,12.0,12.25,12.5,12.75,13.0,13.25,13.5,13.75,14.0,14.25,14.5,14.75,15.0,15.25,15.5,15.75,16.0,16.25,16.5,16.75,17.0,17.25,17.5,17.75,18.0,18.25,18.5,18.75,19.0,19.25,19.5,19.75,20.0,20.25,20.5,20.75,21.0,21.25,21.5,21.75,22.0,22.25,22.5,22.75,23.0,23.25,23.5,23.75,24.0,24.25,24.5,24.75,25.0
BAHIA_2_N011,2.0,2.25,2.5,2.75,3.0,3.25,3.5,3.75,4.0,4.25,4.5,4.75,5.0,5.25,5.5,5.75,6.0,6.25,6.5,6.75,7.0,7.25,7.5,7.75,8.0,8.25,8.5,8.75,9.0,9.25,9.5,9.75,10.0,10.25,10.5,10.75,11.0,11.25,11.5,11.75,12.0,12.25,12.5,12.75,13.0,13.25,13.5,13.75,14.0,14.25,14.5,14.75,15.0,15.25,15.5,15.75,16.0,16.25,16.5,16.75,17.0,17.25,17.5,17.75,18.0,18.25,18.5,18.75,19.0,19.25,19.5,19.75,20.0,20.25,20.5,20.75,21.0
BAILYJ1_1_N010,1.0,1.25,1.5,1.75,2.0,2.25,2.5,2.75,3.0,3.25,3.5,3.75,4.0,4.25,4.5,4.75,5.0,5.25,5.5,5.75,6.0,6.25,6.5,6.75,7.0,7.25,7.5,7.75,8.0,8.25,8.5,8.75,9.0,9.25,9.5,9.75,10.0,10.25,10.5,10.75,11.0,11.25,11.5,11.75,12.0,12.25,12.5,12.75,13.0,13.25,13.5,13.75,14.0,14.25,14.5,14.75,15.0,15.25,15.5,15.75,16.0,16.25,16.5,16.75,17.0,17.25,17.5,17.75,18.0,18.25,18.5,18.75,19.0,19.25,19.5,19.75,20.0
BARRY_6_N001,9.0,9.25,9.5,9.75,10.0,10.25,10.5,10.75,11.0,11.25,11.5,11.75,12.0,12.25,12.5,12.75,13.0,13.25,13.5,13.75,14.0,14.25,14.5,14.75,15.0,15.25,15.5,15.75,16.0,16.25,16.5,16.75,17.0,17.25,17.5,17.75,18.0,18.25,18.5,18.75,19.0,19.25,19.5,19.75,20.0,20.25,20.5,20.75,21.0,21.25,21.5,21.75,22.0,22.25,22.5,22.75,23.0,23.25,23.5,23.75,24.0,24.25,24.5,24.75,25.0,25.25,25.5,25.75,26.0,26.25,26.5,26.75,27.0,27.25,27.5,27.75,28.0
BIXLER_6_N001,5.0,5.25,5.5,5.75,6.0,6.25,6.5,6.75,7.0,7.25,7.5,7.75,8.0,8.25,8.5,8.75,9.0,9.25,9.5,9.75,10.0,10.25,10.5,10.75,11.0,11.25,11.5,11.75,12.0,12.25,12.5,12.75,13.0,13.25,13.5,13.75,14.0,14.25,14.5,14.75,15.0,15.25,15.5,15.75,16.0,16.25,16.5,16.75,17.0,17.25,17.5,17.75,18.0,18.25,18.5,18.75,19.0,19.25,19.5,19.75,20.0,20.25,20.5,20.75,21.0,21.25,21.5,21.75,22.0,22.25,22.5,22.75,23.0,23.25,23.5,23.75,24.0
BNAVSTA_6_N002,6.0,6.25,6.5,6.75,7.0,7.25,7.5,7.75,8.0,8.25,8.5,8.75,9.0,9.25,9.5,9.75,10.0,10.25,10.5,10.75,11.0,11.25,11.5,11.75,12.0,12.25,12.5,12.75,13.0,13.25,13.5,13.75,14.0,14.25,14.5,14.75,15.0,15.25,15.5,15.75,16.0,16.25,16.5,16.75,17.0,17.25,17.5,17.75,18.0,18.25,18.5,18.75,19.0,19.25,19.5,19.75,20.0,20.25,20.5,20.75,21.0,21.25,21.5,21.75,22.0,22.25,22.5,22.75,23.0,23.25,23.5,23.75,24.0,24.25,24.5,24.75,25.0
BRKRSLG_1_N005,2.0,2.25,2.5,2.75,3.0,3.25,3.5,3.75,4.0,4.25,4.5,4.75,5.0,5.25,5.5,5.75,6.0,6.25,6.5,6.75,7.0,7.25,7.5,7.75,8.0,8.25,8.5,8.75,9.0,9.25,9.5,9.75,10.0,10.25,10.5,10.75,11.0,11.25,11.5,11.75,12.0,12.25,12.5,12.75,13.0,13.25,13.5,13.75,14.0,14.25,14.5,14.75,15.0,15.25,15.5,15.75,16.0,16.25,16.5,16.75,17.0,17.25,17.5,17.75,18.0,18.25,18.5,18.75,19.0,19.25,19.5,19.75,20.0,20.25,20.5,20.75,21.0
CAPWIND_1_B1,3.0,3.25,3.5,3.75,4.0,4.25,4.5,4.75,5.0,5.25,5.5,5.75,6.0,6.25,6.5,6.75,7.0,7.25,7.5,7.75,8.0,8.25,8.5,8.75,9.0,9.25,9.5,9.75,10.0,10.25,10.5,10.75,11.0,11.25,11.5,11.75,12.0,12.25,12.5,12.75,13.0,13.25,13.5,13.75,14.0,14.25,14.5,14.75,15.0,15.25,15.5,15.75,16.0,16.25,16.5,16.75,17.0,17.25,17.5,17.75,18.0,18.25,18.5,18.75,19.0,19.25,19.5,19.75,20.0,20.25,20.5,20.75,21.0,21.25,21.5,21.75,22.0
CARBONA_6_N003,2.0,2.25,2.5,2.75,3.0,3.25,3.5,3.75,4.0,4.25,4.5,4.75,5.0,5.25,5.5,5.75,6.0,6.25,6.5,6.75,7.0,7.25,7.5,7.75,8.0,8.25,8.5,8.75,9.0,9.25,9.5,9.75,10.0,10.25,10.5,10.75,11.0,11.25,11.5,11.75,12.0,12.25,12.5,12.75,13.0,13.25,13.5,13.75,14.0,14.25,14.5,14.75,15.0,15.25,15.5,15.75,16.0,16.25,16.5,16.75,17.0,17.25,17.5,17.75,18.0,18.25,18.5,18.75,19.0,19.25,19.5,19.75,20.0,20.25,20.5,20.75,21.0
CHANNEL_6_N001,6.0,6.25,6.5,6.75,7.0,7.25,7.5,7.75,8.0,8.25,8.5,8.75,9.0,9.25,9.5,9.75,10.0,10.25,10.5,10.75,11.0,11.25,11.5,11.75,12.0,12.25,12.5,12.75,13.0,13.25,13.5,13.75,14.0,14.25,14.5,14.75,15.0,15.25,15.5,15.75,16.0,16.25,16.5,16.75,17.0,17.25,17.5,17.75,18.0,18.25,18.5,18.75,19.0,19.25,19.5,19.75,20.0,20.25,20.5,20.75,21.0,21.25,21.5,21.75,22.0,22.25,22.5,22.75,23.0,23.25,23.5,23.75,24.0,24.25,24.5,24.75,25.0
CHARKA_1_N001,4.0,4.25,4.5,4.75,5.0,5.25,5.5,5.75,6.0,6.25,6.5,6.75,7.0,7.25,7.5,7.75,8.0,8.25,8.5,8.75,9.0,9.25,9.5,9.75,10.0,10.25,10.5,10.75,11.0,11.25,11.5,11.75,12.0,12.25,12.5,12.75,13.0,13.25,13.5,13.75,14.0,14.25,14.5,14.75,15.0,15.25,15.5,15.75,16.0,16.25,16.5,16.75,17.0,17.25,17.5,17.75,18.0,18.25,18.5,18.75,19.0,19.25,19.5,19.75,20.0,20.25,20.5,20.75,21.0,21.25,21.5,21.75,22.0,22.25,22.5,22.75,23.0
CLARKRD_7_N001,7.0,7.25,7.5,7.75,8.0,8.25,8.5,8.75,9.0,9.25,9.5,9.75,10.0,10.25,10.5,10.75,11.0,11.25,11.5,11.75,12.0,12.25,12.5,12.75,13.0,13.25,13.5,13.75,14.0,14.25,14.5,14.75,15.0,15.25,15.5,15.75,16.0,16.25,16.5,16.75,17.0,17.25,17.5,17.75,18.0,18.25,18.5,18.75,19.0,19.25,19.5,19.75,20.0,20.25,20.5,20.75,21.0,21.25,21.5,21.75,22.0,22.25,22.5,22.75,23.0,23.25,23.5,23.75,24.0,24.25,24.5,24.75,25.0,25.25,25.5,25.75,26.0
CLAYTN_1_N001,4.0,4.25,4.5,4.75,5.0,5.25,5.5,5.75,6.0,6.25,6.5,6.75,7.0,7.25,7.5,7.75,8.0,8.25,8.5,8.75,9.0,9.25,9.5,9.75,10.0,10.25,10.5,10.75,11.0,11.25,11.5,11.75,12.0,12.25,12.5,12.75,13.0,13.25,13.5,13.75,14.0,14.25,14.5,14.75,15.0,15.25,15.5,15.75,16.0,16.25,16.5,16.75,17.0,17.25,17.5,17.75,18.0,18.25,18.5,18.75,19.0,19.25,19.5,19.75,20.0,20.25,20.5,20.75,21.0,21.25,21.5,21.75,22.0,22.25,22.5,22.75,23.0
COLONY_6_N001,3.0,3.25,3.5,3.75,4.0,4.25,4.5,4.75,5.0,5.25,5.5,5.75,6.0,6.25,6.5,6.75,7.0,7.25,7.5,7.75,8.0,8.25,8.5,8.75,9.0,9.25,9.5,9.75,10.0,10.25,10.5,10.75,11.0,11.25,11.5,11.75,12.0,12.25,12.5,12.75,13.0,13.25,13.5,13.75,14.0,14.25,14.5,14.75,15.0,15.25,15.5,15.75,16.0,16.25,16.5,16.75,17.0,17.25,17.5,17.75,18.0,18.25,18.5,18.75,19.0,19.25,19.5,19.75,20.0,20.25,20.5,20.75,21.0,21.25,21.5,21.75,22.0
CONCHO_1_N002,9.0,9.25,9.5,9.75,10.0,10.25,10.5,10.75,11.0,11.25,11.5,11.75,12.0,12.25,12.5,12.75,13.0,13.25,13.5,13.75,14.0,14.25,14.5,14.75,15.0,15.25,15.5,15.75,16.0,16.25,16.5,16.75,17.0,17.25,17.5,17.75,18.0,18.25,18.5,18.75,19.0,19.25,19.5,19.75,20.0,20.25,20.5,20.75,21.0,21.25,21.5,21.75,22.0,22.25,22.5,22.75,23.0,23.25,23.5,23.75,24.0,24.25,24.5,24.75,25.0,25.25,25.5,25.75,26.0,26.25,26.5,26.75,27.0,27.25,27.5,27.75,28.0
CREELMAN_6_N014,2.0,2.25,2.5,2.75,3.0,3.25,3.5,3.75,4.0,4.25,4.5,4.75,5.0,5.25,5.5,5.75,6.0,6.25,6.5,6.75,7.0,7.25,7.5,7.75,8.0,8.25,8.5,8.75,9.0,9.25,9.5,9.75,10.0,10.25,10.5,10.75,11.0,11.25,11.5,11.75,12.0,12.25,12.5,12.75,13.0,13.25,13.5,13.75,14.0,14.25,14.5,14.75,15.0,15.25,15.5,15.75,16.0,16.25,16.5,16.75,17.0,17.25,17.5,17.75,18.0,18.25,18.5,18.75,19.0,19.25,19.5,19.75,20.0,20.25,20.5,20.75,21.0
DAVIS_1_N018,4.0,4.25,4.5,4.75,5.0,5.25,5.5,5.75,6.0,6.25,6.5,6.75,7.0,7.25,7.5,7.75,8.0,8.25,8.5,8.75,9.0,9.25,9.5,9.75,10.0,10.25,10.5,10.75,11.0,11.25,11.5,11.75,12.0,12.25,12.5,12.75,13.0,13.25,13.5,13.75,14.0,14.25,14.5,14.75,15.0,15.25,15.5,15.75,16.0,16.25,16.5,16.75,17.0,17.25,17.5,17.75,18.0,18.25,18.5,18.75,19.0,19.25,19.5,19.75,20.0,20.25,20.5,20.75,21.0,21.25,21.5,21.75,22.0,22.25,22.5,22.75,23.0
DEEPWATR_1_N104,1.0,1.25,1.5,1.75,2.0,2.25,2.5,2.75,3.0,3.25,3.5,3.75,4.0,4.25,4.5,4.75,5.0,5.25,5.5,5.75,6.0,6.25,6.5,6.75,7.0,7.25,7.5,7.75,8.0,8.25,8.5,8.75,9.0,9.25,9.5,9.75,10.0,10.25,10.5,10.75,11.0,11.25,11.5,11.75,12.0,12.25,12.5,12.75,13.0,13.25,13.5,13.75,14.0,14.25,14.5,14.75,15.0,15.25,15.5,15.75,16.0,16.25,16.5,16.75,17.0,17.25,17.5,17.75,18.0,18.25,18.5,18.75,19.0,19.25,19.5,19.75,20.0
DELMNTE_1_N201,1.0,1.25,1.5,1.75,2.0,2.25,2.5,2.75,3.0,3.25,3.5,3.75,4.0,4.25,4.5,4.75,5.0,5.25,5.5,5.75,6.0,6.25,6.5,6.75,7.0,7.25,7.5,7.75,8.0,8.25,8.5,8.75,9.0,9.25,9.5,9.75,10.0,10.25,10.5,10.75,11.0,11.25,11.5,11.75,12.0,12.25,12.5,12.75,13.0,13.25,13.5,13.75,14.0,14.25,14.5,14.75,15.0,15.25,15.5,15.75,16.0,16.25,16.5,16.75,17.0,17.25,17.5,17.75,18.0,18.25,18.5,18.75,19.0,19.25,19.5,19.75,20.0
DIABLO2_7_B1,3.0,3.25,3.5,3.75,4.0,4.25,4.5,4.75,5.0,5.25,5.5,5.75,6.0,6.25,6.5,6.75,7.0,7.25,7.5,7.75,8.0,8.25,8.5,8.75,9.0,9.25,9.5,9.75,10.0,10.25,10.5,10.75,11.0,11.25,11.5,11.75,12.0,12.25,12.5,12.75,13.0,13.25,13.5,13.75,14.0,14.25,14.5,14.75,15.0,15.25,15.5,15.75,16.0,16.25,16.5,16.75,17.0,17.25,17.5,17.75,18.0,18.25,18.5,18.75,19.0,19.25,19.5,19.75,20.0,20.25,20.5,20.75,21.0,21.25,21.5,21.75,22.0
DVLCYN2G_7_B1,3.0,3.25,3.5,3.75,4.0,4.25,4.5,4.75,5.0,5.25,5.5,5.75,6.0,6.25,6.5,6.75,7.0,7.25,7.5,7.75,8.0,8.25,8.5,8.75,9.0,9.25,9.5,9.75,10.0,10.25,10.5,10.75,11.0,11.25,11.5,11.75,12.0,12.25,12.5,12.75,13.0,13.25,13.5,13.75,14.0,14.25,14.5,14.75,15.0,15.25,15.5,15.75,16.0,16.25,16.5,16.75,17.0,17.25,17.5,17.75,18.0,18.25,18.5,18.75,19.0,19.25,19.5,19.75,20.0,20.25,20.5,20.75,21.0,21.25,21.5,21.75,22.0
EDENVALE_1_N006,7.0,7.25,7.5,7.75,8.0,8.25,8.5,8.75,9.0,9.25,9.5,9.75,10.0,10.25,10.5,10.75,11.0,11.25,11.5,11.75,12.0,12.25,12.5,12.75,13.0,13.25,13.5,13.75,14.0,14.25,14.5,14.75,15.0,15.25,15.5,15.75,16.0,16.25,16.5,16.75,17.0,17.25,17.5,17.75,18.0,18.25,18.5,18.75,19.0,19.25,19.5,19.75,20.0,20.25,20.5,20.75,21.0,21.25,21.5,21.75,22.0,22.25,22.5,22.75,23.0,23.25,23.5,23.75,24.0,24.25,24.5,24.75,25.0,25.25,25.5,25.75,26.0
EDMON6AP_7_N001,4.0,4.25,4.5,4.75,5.0,5.25,5.5,5.75,6.0,6.25,6.5,6.75,7.0,7.25,7.5,7.75,8.0,8.25,8.5,8.75,9.0,9.25,9.5,9.75,10.0,10.25,10.5,10.75,11.0,11.25,11.5,11.75,12.0,12.25,12.5,12.75,13.0,13.25,13.5,13.75,14.0,14.25,14.5,14.75,15.0,15.25,15.5,15.75,16.0,16.25,16.5,16.75,17.0,17.25,17.5,17.75,18.0,18.25,18.5,18.75,19.0,19.25,19.5,19.75,20.0,20.25,20.5,20.75,21.0,21.25,21.5,21.75,22.0,22.25,22.5,22.75,23.0
ELCRRTO_1_N001,7.0,7.25,7.5,7.75,8.0,8.25,8.5,8.75,9.0,9.25,9.5,9.75,10.0,10.25,10.5,10.75,11.0,11.25,11.5,11.75,12.0,12.25,12.5,12.75,13.0,13.25,13.5,13.75,14.0,14.25,14.5,14.75,15.0,15.25,15.5,15.75,16.0,16.25,16.5,16.75,17.0,17.25,17.5,17.75,18.0,18.25,18.5,18.75,19.0,19.25,19.5,19.75,20.0,20.25,20.5,20.75,21.0,21.25,21.5,21.75,22.0,22.25,22.5,22.75,23.0,23.25,23.5,23.75,24.0,24.25,24.5,24.75,25.0,25.25,25.5,25.75,26.0
ELKCREEK_6_N001,2.0,2.25,2.5,2.75,3.0,3.25,3.5,3.75,4.0,4.25,4.5,4.75,5.0,5.25,5.5,5.75,6.0,6.25,6.5,6.75,7.0,7.25,7.5,7.75,8.0,8.25,8.5,8.75,9.0,9.25,9.5,9.75,10.0,10.25,10.5,10.75,11.0,11.25,11.5,11.75,12.0,12.25,12.5,12.75,13.0,13.25,13.5,13.75,14.0,14.25,14.5,14.75,15.0,15.25,15.5,15.75,16.0,16.25,16.5,16.75,17.0,17.25,17.5,17.75,18.0,18.25,18.5,18.75,19.0,19.25,19.5,19.75,20.0,20.25,20.5,20.75,21.0
ELKHLLS_6_N001,8.0,8.25,8.5,8.75,9.0,9.25,9.5,9.75,10.0,10.25,10.5,10.75,11.0,11.25,11.5,11.75,12.0,12.25,12.5,12.75,13.0,13.25,13.5,13.75,14.0,14.25,14.5,14.75,15.0,15.25,15.5,15.75,16.0,16.25,16.5,16.75,17.0,17.25,17.5,17.75,18.0,18.25,18.5,18.75,19.0,19.25,19.5,19.75,20.0,20.25,20.5,20.75,21.0,21.25,21.5,21.75,22.0,22.25,22.5,22.75,23.0,23.25,23.5,23.75,24.0,24.25,24.5,24.75,25.0,25.25,25.5,25.75,26.0,26.25,26.5,26.75,27.0
ESTQNCY_6_N001,4.0,4.25,4.5,4.75,5.0,5.25,5.5,5.75,6.0,6.25,6.5,6.75,7.0,7.25,7.5,7.75,8.0,8.25,8.5,8.75,9.0,9.25,9.5,9.75,10.0,10.25,10.5,10.75,11.0,11.25,11.5,11.75,12.0,12.25,12.5,12.75,13.0,13.25,13.5,13.75,14.0,14.25,14.5,14.75,15.0,15.25,15.5,15.75,16.0,16.25,16.5,16.75,17.0,17.25,17.5,17.75,18.0,18.25,18.5,18.75,19.0,19.25,19.5,19.75,20.0,20.25,20.5,20.75,21.0,21.25,21.5,21.75,22.0,22.25,22.5,22.75,23.0
FRNCHGLH_6_N001,6.0,6.25,6.5,6.75,7.0,7.25,7.5,7.75,8.0,8.25,8.5,8.75,9.0,9.25,9.5,9.75,10.0,10.25,10.5,10.75,11.0,11.25,11.5,11.75,12.0,12.25,12.5,12.75,13.0,13.25,13.5,13.75,14.0,14.25,14.5,14.75,15.0,15.25,15.5,15.75,16.0,16.25,16.5,16.75,17.0,17.25,17.5,17.75,18.0,18.25,18.5,18.75,19.0,19.25,19.5,19.75,20.0,20.25,20.5,20.75,21.0,21.25,21.5,21.75,22.0,22.25,22.5,22.75,23.0,23.25,23.5,23.75,24.0,24.25,24.5,24.75,25.0
FRUITVLE_6_N101,1.0,1.25,1.5,1.75,2.0,2.25,2.5,2.75,3.0,3.25,3.5,3.75,4.0,4.25,4.5,4.75,5.0,5.25,5.5,5.75,6.0,6.25,6.5,6.75,7.0,7.25,7.5,7.75,8.0,8.25,8.5,8.75,9.0,9.25,9.5,9.75,10.0,10.25,10.5,10.75,11.0,11.25,11.5,11.75,12.0,12.25,12.5,12.75,13.0,13.25,13.5,13.75,14.0,14.25,14.5,14.75,15.0,15.25,15.5,15.75,16.0,16.25,16.5,16.75,17.0,17.25,17.5,17.75,18.0,18.25,18.5,18.75,19.0,19.25,19.5,19.75,20.0
GARNET_1_N106,5.0,5.25,5.5,5.75,6.0,6.25,6.5,6.75,7.0,7.25,7.5,7.75,8.0,8.25,8.5,8.75,9.0,9.25,9.5,9.75,10.0,10.25,10.5,10.75,11.0,11.25,11.5,11.75,12.0,12.25,12.5,12.75,13.0,13.25,13.5,13.75,14.0,14.25,14.5,14.75,15.0,15.25,15.5,15.75,16.0,16.25,16.5,16.75,17.0,17.25,17.5,17.75,18.0,18.25,18.5,18.75,19.0,19.25,19.5,19.75,20.0,20.25,20.5,20.75,21.0,21.25,21.5,21.75,22.0,22.25,22.5,22.75,23.0,23.25,23.5,23.75,24.0
GOLDTREE_1_N001,3.0,3.25,3.5,3.75,4.0,4.25,4.5,4.75,5.0,5.25,5.5,5.75,6.0,6.25,6.5,6.75,7.0,7.25,7.5,7.75,8.0,8.25,8.5,8.75,9.0,9.25,9.5,9.75,10.0,10.25,10.5,10.75,11.0,11.25,11.5,11.75,12.0,12.25,12.5,12.75,13.0,13.25,13.5,13.75,14.0,14.25,14.5,14.75,15.0,15.25,15.5,15.75,16.0,16.25,16.5,16.75,17.0,17.25,17.5,17.75,18.0,18.25,18.5,18.75,19.0,19.25,19.5,19.75,20.0,20.25,20.5,20.75,21.0,21.25,21.5,21.75,22.0
HAMMONDS_1_N001,8.0,8.25,8.5,8.75,9.0,9.25,9.5,9.75,10.0,10.25,10.5,10.75,11.0,11.25,11.5,11.75,12.0,12.25,12.5,12.75,13.0,13.25,13.5,13.75,14.0,14.25,14.5,14.75,15.0,15.25,15.5,15.75,16.0,16.25,16.5,16.75,17.0,17.25,17.5,17.75,18.0,18.25,18.5,18.75,19.0,19.25,19.5,19.75,20.0,20.25,20.5,20.75,21.0,21.25,21.5,21.75,22.0,22.25,22.5,22.75,23.0,23.25,23.5,23.75,24.0,24.25,24.5,24.75,25.0,25.25,25.5,25.75,26.0,26.25,26.5,26.75,27.0
HIDESERT_2_N001,2.0,2.25,2.5,2.75,3.0,3.25,3.5,3.75,4.0,4.25,4.5,4.75,5.0,5.25,5.5,5.75,6.0,6.25,6.5,6.75,7.0,7.25,7.5,7.75,8.0,8.25,8.5,8.75,9.0,9.25,9.5,9.75,10.0,10.25,10.5,10.75,11.0,11.25,11.5,11.75,12.0,12.25,12.5,12.75,13.0,13.25,13.5,13.75,14.0,14.25,14.5,14.75,15.0,15.25,15.5,15.75,16.0,16.25,16.5,16.75,17.0,17.25,17.5,17.75,18.0,18.25,18.5,18.75,19.0,19.25,19.5,19.75,20.0,20.25,20.5,20.75,21.0
HILLSIDE_1_N004,8.0,8.25,8.5,8.75,9.0,9.25,9.5,9.75,10.0,10.25,10.5,10.75,11.0,11.25,11.5,11.75,12.0,12.25,12.5,12.75,13.0,13.25,13.5,13.75,14.0,14.25,14.5,14.75,15.0,15.25,15.5,15.75,16.0,16.25,16.5,16.75,17.0,17.25,17.5,17.75,18.0,18.25,18.5,18.75,19.0,19.25,19.5,19.75,20.0,20.25,20.5,20.75,21.0,21.25,21.5,21.75,22.0,22.25,22.5,22.75,23.0,23.25,23.5,23.75,24.0,24.25,24.5,24.75,25.0,25.25,25.5,25.75,26.0,26.25,26.5,26.75,27.0
HOLGATE_1_N001,8.0,8.25,8.5,8.75,9.0,9.25,9.5,9.75,10.0,10.25,10.5,10.75,11.0,11.25,11.5,11.75,12.0,12.25,12.5,12.75,13.0,13.25,13.5,13.75,14.0,14.25,14.5,14.75,15.0,15.25,15.5,15.75,16.0,16.25,16.5,16.75,17.0,17.25,17.5,17.75,18.0,18.25,18.5,18.75,19.0,19.25,19.5,19.75,20.0,20.25,20.5,20.75,21.0,21.25,21.5,21.75,22.0,22.25,22.5,22.75,23.0,23.25,23.5,23.75,24.0,24.25,24.5,24.75,25.0,25.25,25.5,25.75,26.0,26.25,26.5,26.75,27.0
IMHOFF_1_N001,3.0,3.25,3.5,3.75,4.0,4.25,4.5,4.75,5.0,5.25,5.5,5.75,6.0,6.25,6.5,6.75,7.0,7.25,7.5,7.75,8.0,8.25,8.5,8.75,9.0,9.25,9.5,9.75,10.0,10.25,10.5,10.75,11.0,11.25,11.5,11.75,12.0,12.25,12.5,12.75,13.0,13.25,13.5,13.75,14.0,14.25,14.5,14.75,15.0,15.25,15.5,15.75,16.0,16.25,16.5,16.75,17.0,17.25,17.5,17.75,18.0,18.25,18.5,18.75,19.0,19.25,19.5,19.75,20.0,20.25,20.5,20.75,21.0,21.25,21.5,21.75,22.0
INTERM1G_7_N501,2.0,2.25,2.5,2.75,3.0,3.25,3.5,3.75,4.0,4.25,4.5,4.75,5.0,5.25,5.5,5.75,6.0,6.25,6.5,6.75,7.0,7.25,7.5,7.75,8.0,8.25,8.5,8.75,9.0,9.25,9.5,9.75,10.0,10.25,10.5,10.75,11.0,11.25,11.5,11.75,12.0,12.25,12.5,12.75,13.0,13.25,13.5,13.75,14.0,14.25,14.5,14.75,15.0,15.25,15.5,15.75,16.0,16.25,16.5,16.75,17.0,17.25,17.5,17.75,18.0,18.25,18.5,18.75,19.0,19.25,19.5,19.75,20.0,20.25,20.5,20.75,21.0
JMSCNPMP_1_N001,2.0,2.25,2.5,2.75,3.0,3.25,3.5,3.75,4.0,4.25,4.5,4.75,5.0,5.25,5.5,5.75,6.0,6.25,6.5,6.75,7.0,7.25,7.5,7.75,8.0,8.25,8.5,8.75,9.0,9.25,9.5,9.75,10.0,10.25,10.5,10.75,11.0,11.25,11.5,11.75,12.0,12.25,12.5,12.75,13.0,13.25,13.5,13.75,14.0,14.25,14.5,14.75,15.0,15.25,15.5,15.75,16.0,16.25,16.5,16.75,17.0,17.25,17.5,17.75,18.0,18.25,18.5,18.75,19.0,19.25,19.5,19.75,20.0,20.25,20.5,20.75,21.0
KAMM_1_N001,7.0,7.25,7.5,7.75,8.0,8.25,8.5,8.75,9.0,9.25,9.5,9.75,10.0,10.25,10.5,10.75,11.0,11.25,11.5,11.75,12.0,12.25,12.5,12.75,13.0,13.25,13.5,13.75,14.0,14.25,14.5,14.75,15.0,15.25,15.5,15.75,16.0,16.25,16.5,16.75,17.0,17.25,17.5,17.75,18.0,18.25,18.5,18.75,19.0,19.25,19.5,19.75,20.0,20.25,20.5,20.75,21.0,21.25,21.5,21.75,22.0,22.25,22.5,22.75,23.0,23.25,23.5,23.75,24.0,24.25,24.5,24.75,25.0,25.25,25.5,25.75,26.0
KERMAN_6_N002,7.0,7.25,7.5,7.75,8.0,8.25,8.5,8.75,9.0,9.25,9.5,9.75,10.0,10.25,10.5,10.75,11.0,11.25,11.5,11.75,12.0,12.25,12.5,12.75,13.0,13.25,13.5,13.75,14.0,14.25,14.5,14.75,15.0,15.25,15.5,15.75,16.0,16.25,16.5,16.75,17.0,17.25,17.5,17.75,18.0,18.25,18.5,18.75,19.0,19.25,19.5,19.75,20.0,20.25,20.5,20.75,21.0,21.25,21.5,21.75,22.0,22.25,22.5,22.75,23.0,23.25,23.5,23.75,24.0,24.25,24.5,24.75,25.0,25.25,25.5,25.75,26.0
KERNFRNT_1_B1,5.0,5.25,5.5,5.75,6.0,6.25,6.5,6.75,7.0,7.25,7.5,7.75,8.0,8.25,8.5,8.75,9.0,9.25,9.5,9.75,10.0,10.25,10.5,10.75,11.0,11.25,11.5,11.75,12.0,12.25,12.5,12.75,13.0,13.25,13.5,13.75,14.0,14.25,14.5,14.75,15.0,15.25,15.5,15.75,16.0,16.25,16.5,16.75,17.0,17.25,17.5,17.75,18.0,18.25,18.5,18.75,19.0,19.25,19.5,19.75,20.0,20.25,20.5,20.75,21.0,21.25,21.5,21.75,22.0,22.25,22.5,22.75,23.0,23.25,23.5,23.75,24.0
KERNOIL_1_N002,1.0,1.25,1.5,1.75,2.0,2.25,2.5,2.75,3.0,3.25,3.5,3.75,4.0,4.25,4.5,4.75,5.0,5.25,5.5,5.75,6.0,6.25,6.5,6.75,7.0,7.25,7.5,7.75,8.0,8.25,8.5,8.75,9.0,9.25,9.5,9.75,10.0,10.25,10.5,10.75,11.0,11.25,11.5,11.75,12.0,12.25,12.5,12.75,13.0,13.25,13.5,13.75,14.0,14.25,14.5,14.75,15.0,15.25,15.5,15.75,16.0,16.25,16.5,16.75,17.0,17.25,17.5,17.75,18.0,18.25,18.5,18.75,19.0,19.25,19.5,19.75,20.0
KERNOIL_1_N012,2.0,2.25,2.5,2.75,3.0,3.25,3.5,3.75,4.0,4.25,4.5,4.75,5.0,5.25,5.5,5.75,6.0,6.25,6.5,6.75,7.0,7.25,7.5,7.75,8.0,8.25,8.5,8.75,9.0,9.25,9.5,9.75,10.0,10.25,10.5,10.75,11.0,11.25,11.5,11.75,12.0,12.25,12.5,12.75,13.0,13.25,13.5,13.75,14.0,14.25,14.5,14.75,15.0,15.25,15.5,15.75,16.0,16.25,16.5,16.75,17.0,17.25,17.5,17.75,18.0,18.25,18.5,18.75,19.0,19.25,19.5,19.75,20.0,20.25,20.5,20.75,21.0
KERNWATR_1_N001,7.0,7.25,7.5,7.75,8.0,8.25,8.5,8.75,9.0,9.25,9.5,9.75,10.0,10.25,10.5,10.75,11.0,11.25,11.5,11.75,12.0,12.25,12.5,12.75,13.0,13.25,13.5,13.75,14.0,14.25,14.5,14.75,15.0,15.25,15.5,15.75,16.0,16.25,16.5,16.75,17.0,17.25,17.5,17.75,18.0,18.25,18.5,18.75,19.0,19.25,19.5,19.75,20.0,20.25,20.5,20.75,21.0,21.25,21.5,21.75,22.0,22.25,22.5,22.75,23.0,23.25,23.5,23.75,24.0,24.25,24.5,24.75,25.0,25.25,25.5,25.75,26.0
LAKEWOOD_1_N003,8.0,8.25,8.5,8.75,9.0,9.25,9.5,9.75,10.0,10.25,10.5,10.75,11.0,11.25,11.5,11.75,12.0,12.25,12.5,12.75,13.0,13.25,13.5,13.75,14.0,14.25,14.5,14.75,15.0,15.25,15.5,15.75,16.0,16.25,16.5,16.75,17.0,17.25,17.5,17.75,18.0,18.25,18.5,18.75,19.0,19.25,19.5,19.75,20.0,20.25,20.5,20.75,21.0,21.25,21.5,21.75,22.0,22.25,22.5,22.75,23.0,23.25,23.5,23.75,24.0,24.25,24.5,24.75,25.0,25.25,25.5,25.75,26.0,26.25,26.5,26.75,27.0
LLAGAS_1_N001,6.0,6.25,6.5,6.75,7.0,7.25,7.5,7.75,8.0,8.25,8.5,8.75,9.0,9.25,9.5,9.75,10.0,10.25,10.5,10.75,11.0,11.25,11.5,11.75,12.0,12.25,12.5,12.75,13.0,13.25,13.5,13.75,14.0,14.25,14.5,14.75,15.0,15.25,15.5,15.75,16.0,16.25,16.5,16.75,17.0,17.25,17.5,17.75,18.0,18.25,18.5,18.75,19.0,19.25,19.5,19.75,20.0,20.25,20.5,20.75,21.0,21.25,21.5,21.75,22.0,22.25,22.5,22.75,23.0,23.25,23.5,23.75,24.0,24.25,24.5,24.75,25.0
LOSCCHS_6_N001,4.0,4.25,4.5,4.75,5.0,5.25,5.5,5.75,6.0,6.25,6.5,6.75,7.0,7.25,7.5,7.75,8.0,8.25,8.5,8.75,9.0,9.25,9.5,9.75,10.0,10.25,10.5,10.75,11.0,11.25,11.5,11.75,12.0,12.25,12.5,12.75,13.0,13.25,13.5,13.75,14.0,14.25,14.5,14.75,15.0,15.25,15.5,15.75,16.0,16.25,16.5,16.75,17.0,17.25,17.5,17.75,18.0,18.25,18.5,18.75,19.0,19.25,19.5,19.75,20.0,20.25,20.5,20.75,21.0,21.25,21.5,21.75,22.0,22.25,22.5,22.75,23.0
LSPSTAS_2_N002,6.0,6.25,6.5,6.75,7.0,7.25,7.5,7.75,8.0,8.25,8.5,8.75,9.0,9.25,9.5,9.75,10.0,10.25,10.5,10.75,11.0,11.25,11.5,11.75,12.0,12.25,12.5,12.75,13.0,13.25,13.5,13.75,14.0,14.25,14.5,14.75,15.0,15.25,15.5,15.75,16.0,16.25,16.5,16.75,17.0,17.25,17.5,17.75,18.0,18.25,18.5,18.75,19.0,19.25,19.5,19.75,20.0,20.25,20.5,20.75,21.0,21.25,21.5,21.75,22.0,22.25,22.5,22.75,23.0,23.25,23.5,23.75,24.0,24.25,24.5,24.75,25.0
LUZ8G_7_B1,4.0,4.25,4.5,4.75,5.0,5.25,5.5,5.75,6.0,6.25,6.5,6.75,7.0,7.25,7.5,7.75,8.0,8.25,8.5,8.75,9.0,9.25,9.5,9.75,10.0,10.25,10.5,10.75,11.0,11.25,11.5,11.75,12.0,12.25,12.5,12.75,13.0,13.25,13.5,13.75,14.0,14.25,14.5,14.75,15.0,15.25,15.5,15.75,16.0,16.25,16.5,16.75,17.0,17.25,17.5,17.75,18.0,18.25,18.5,18.75,19.0,19.25,19.5,19.75,20.0,20.25,20.5,20.75,21.0,21.25,21.5,21.75,22.0,22.25,22.5,22.75,23.0
MCCULLGX_5_N501,1.0,1.25,1.5,1.75,2.0,2.25,2.5,2.75,3.0,3.25,3.5,3.75,4.0,4.25,4.5,4.75,5.0,5.25,5.5,5.75,6.0,6.25,6.5,6.75,7.0,7.25,7.5,7.75,8.0,8.25,8.5,8.75,9.0,9.25,9.5,9.75,10.0,10.25,10.5,10.75,11.0,11.25,11.5,11.75,12.0,12.25,12.5,12.75,13.0,13.25,13.5,13.75,14.0,14.25,14.5,14.75,15.0,15.25,15.5,15.75,16.0,16.25,16.5,16.75,17.0,17.25,17.5,17.75,18.0,18.25,18.5,18.75,19.0,19.25,19.5,19.75,20.0
MCMULLN1_2_N001,8.0,8.25,8.5,8.75,9.0,9.25,9.5,9.75,10.0,10.25,10.5,10.75,11.0,11.25,11.5,11.75,12.0,12.25,12.5,12.75,13.0,13.25,13.5,13.75,14.0,14.25,14.5,14.75,15.0,15.25,15.5,15.75,16.0,16.25,16.5,16.75,17.0,17.25,17.5,17.75,18.0,18.25,18.5,18.75,19.0,19.25,19.5,19.75,20.0,20.25,20.5,20.75,21.0,21.25,21.5,21.75,22.0,22.25,22.5,22.75,23.0,23.25,23.5,23.75,24.0,24.25,24.5,24.75,25.0,25.25,25.5,25.75,26.0,26.25,26.5,26.75,27.0
MEADN_2_N501,7.0,7.25,7.5,7.75,8.0,8.25,8.5,8.75,9.0,9.25,9.5,9.75,10.0,10.25,10.5,10.75,11.0,11.25,11.5,11.75,12.0,12.25,12.5,12.75,13.0,13.25,13.5,13.75,14.0,14.25,14.5,14.75,15.0,15.25,15.5,15.75,16.0,16.25,16.5,16.75,17.0,17.25,17.5,17.75,18.0,18.25,18.5,18.75,19.0,19.25,19.5,19.75,20.0,20.25,20.5,20.75,21.0,21.25,21.5,21.75,22.0,22.25,22.5,22.75,23.0,23.25,23.5,23.75,24.0,24.25,24.5,24.75,25.0,25.25,25.5,25.75,26.0
MERCED_1_N001,3.0,3.25,3.5,3.75,4.0,4.25,4.5,4.75,5.0,5.25,5.5,5.75,6.0,6.25,6.5,6.75,7.0,7.25,7.5,7.75,8.0,8.25,8.5,8.75,9.0,9.25,9.5,9.75,10.0,10.25,10.5,10.75,11.0,11.25,11.5,11.75,12.0,12.25,12.5,12.75,13.0,13.25,13.5,13.75,14.0,14.25,14.5,14.75,15.0,15.25,15.5,15.75,16.0,16.25,16.5,16.75,17.0,17.25,17.5,17.75,18.0,18.25,18.5,18.75,19.0,19.25,19.5,19.75,20.0,20.25,20.5,20.75,21.0,21.25,21.5,21.75,22.0
METTLER_6_N001,9.0,9.25,9.5,9.75,10.0,10.25,10.5,10.75,11.0,11.25,11.5,11.75,12.0,12.25,12.5,12.75,13.0,13.25,13.5,13.75,14.0,14.25,14.5,14.75,15.0,15.25,15.5,15.75,16.0,16.25,16.5,16.75,17.0,17.25,17.5,17.75,18.0,18.25,18.5,18.75,19.0,19.25,19.5,19.75,20.0,20.25,20.5,20.75,21.0,21.25,21.5,21.75,22.0,22.25,22.5,22.75,23.0,23.25,23.5,23.75,24.0,24.25,24.5,24.75,25.0,25.25,25.5,25.75,26.0,26.25,26.5,26.75,27.0,27.25,27.5,27.75,28.0
MHVSPHN_1_N101,5.0,5.25,5.5,5.75,6.0,6.25,6.5,6.75,7.0,7.25,7.5,7.75,8.0,8.25,8.5,8.75,9.0,9.25,9.5,9.75,10.0,10.25,10.5,10.75,11.0,11.25,11.5,11.75,12.0,12.25,12.5,12.75,13.0,13.25,13.5,13.75,14.0,14.25,14.5,14.75,15.0,15.25,15.5,15.75,16.0,16.25,16.5,16.75,17.0,17.25,17.5,17.75,18.0,18.25,18.5,18.75,19.0,19.25,19.5,19.75,20.0,20.25,20.5,20.75,21.0,21.25,21.5,21.75,22.0,22.25,22.5,22.75,23.0,23.25,23.5,23.75,24.0
MIDWAY_1_B1,3.0,3.25,3.5,3.75,4.0,4.25,4.5,4.75,5.0,5.25,5.5,5.75,6.0,6.25,6.5,6.75,7.0,7.25,7.5,7.75,8.0,8.25,8.5,8.75,9.0,9.25,9.5,9.75,10.0,10.25,10.5,10.75,11.0,11.25,11.5,11.75,12.0,12.25,12.5,12.75,13.0,13.25,13.5,13.75,14.0,14.25,14.5,14.75,15.0,15.25,15.5,15.75,16.0,16.25,16.5,16.75,17.0,17.25,17.5,17.75,18.0,18.25,18.5,18.75,19.0,19.25,19.5,19.75,20.0,20.25,20.5,20.75,21.0,21.25,21.5,21.75,22.0
MOSSLD_1_N001,2.0,2.25,2.5,2.75,3.0,3.25,3.5,3.75,4.0,4.25,4.5,4.75,5.0,5.25,5.5,5.75,6.0,6.25,6.5,6.75,7.0,7.25,7.5,7.75,8.0,8.25,8.5,8.75,9.0,9.25,9.5,9.75,10.0,10.25,10.5,10.75,11.0,11.25,11.5,11.75,12.0,12.25,12.5,12.75,13.0,13.25,13.5,13.75,14.0,14.25,14.5,14.75,15.0,15.25,15.5,15.75,16.0,16.25,16.5,16.75,17.0,17.25,17.5,17.75,18.0,18.25,18.5,18.75,19.0,19.25,19.5,19.75,20.0,20.25,20.5,20.75,21.0
MTNVIST3_7_N002,9.0,9.25,9.5,9.75,10.0,10.25,10.5,10.75,11.0,11.25,11.5,11.75,12.0,12.25,12.5,12.75,13.0,13.25,13.5,13.75,14.0,14.25,14.5,14.75,15.0,15.25,15.5,15.75,16.0,16.25,16.5,16.75,17.0,17.25,17.5,17.75,18.0,18.25,18.5,18.75,19.0,19.25,19.5,19.75,20.0,20.25,20.5,20.75,21.0,21.25,21.5,21.75,22.0,22.25,22.5,22.75,23.0,23.25,23.5,23.75,24.0,24.25,24.5,24.75,25.0,25.25,25.5,25.75,26.0,26.25,26.5,26.75,27.0,27.25,27.5,27.75,28.0
MTVIEW_1_N005,7.0,7.25,7.5,7.75,8.0,8.25,8.5,8.75,9.0,9.25,9.5,9.75,10.0,10.25,10.5,10.75,11.0,11.25,11.5,11.75,12.0,12.25,12.5,12.75,13.0,13.25,13.5,13.75,14.0,14.25,14.5,14.75,15.0,15.25,15.5,15.75,16.0,16.25,16.5,16.75,17.0,17.25,17.5,17.75,18.0,18.25,18.5,18.75,19.0,19.25,19.5,19.75,20.0,20.25,20.5,20.75,21.0,21.25,21.5,21.75,22.0,22.25,22.5,22.75,23.0,23.25,23.5,23.75,24.0,24.25,24.5,24.75,25.0,25.25,25.5,25.75,26.0
NEWARKD_1_N001,3.0,3.25,3.5,3.75,4.0,4.25,4.5,4.75,5.0,5.25,5.5,5.75,6.0,6.25,6.5,6.75,7.0,7.25,7.5,7.75,8.0,8.25,8.5,8.75,9.0,9.25,9.5,9.75,10.0,10.25,10.5,10.75,11.0,11.25,11.5,11.75,12.0,12.25,12.5,12.75,13.0,13.25,13.5,13.75,14.0,14.25,14.5,14.75,15.0,15.25,15.5,15.75,16.0,16.25,16.5,16.75,17.0,17.25,17.5,17.75,18.0,18.25,18.5,18.75,19.0,19.25,19.5,19.75,20.0,20.25,20.5,20.75,21.0,21.25,21.5,21.75,22.0
OAKLAND_1_N001,1.0,1.25,1.5,1.75,2.0,2.25,2.5,2.75,3.0,3.25,3.5,3.75,4.0,4.25,4.5,4.75,5.0,5.25,5.5,5.75,6.0,6.25,6.5,6.75,7.0,7.25,7.5,7.75,8.0,8.25,8.5,8.75,9.0,9.25,9.5,9.75,10.0,10.25,10.5,10.75,11.0,11.25,11.5,11.75,12.0,12.25,12.5,12.75,13.0,13.25,13.5,13.75,14.0,14.25,14.5,14.75,15.0,15.25,15.5,15.75,16.0,16.25,16.5,16.75,17.0,17.25,17.5,17.75,18.0,18.25,18.5,18.75,19.0,19.25,19.5,19.75,20.0
OAKLND12_7_N001,2.0,2.25,2.5,2.75,3.0,3.25,3.5,3.75,4.0,4.25,4.5,4.75,5.0,5.25,5.5,5.75,6.0,6.25,6.5,6.75,7.0,7.25,7.5,7.75,8.0,8.25,8.5,8.75,9.0,9.25,9.5,9.75,10.0,10.25,10.5,10.75,11.0,11.25,11.5,11.75,12.0,12.25,12.5,12.75,13.0,13.25,13.5,13.75,14.0,14.25,14.5,14.75,15.0,15.25,15.5,15.75,16.0,16.25,16.5,16.75,17.0,17.25,17.5,17.75,18.0,18.25,18.5,18.75,19.0,19.25,19.5,19.75,20.0,20.25,20.5,20.75,21.0
OMAR1G_7_B1,5.0,5.25,5.5,5.75,6.0,6.25,6.5,6.75,7.0,7.25,7.5,7.75,8.0,8.25,8.5,8.75,9.0,9.25,9.5,9.75,10.0,10.25,10.5,10.75,11.0,11.25,11.5,11.75,12.0,12.25,12.5,12.75,13.0,13.25,13.5,13.75,14.0,14.25,14.5,14.75,15.0,15.25,15.5,15.75,16.0,16.25,16.5,16.75,17.0,17.25,17.5,17.75,18.0,18.25,18.5,18.75,19.0,19.25,19.5,19.75,20.0,20.25,20.5,20.75,21.0,21.25,21.5,21.75,22.0,22.25,22.5,22.75,23.0,23.25,23.5,23.75,24.0
OROLOMA_6_N001,9.0,9.25,9.5,9.75,10.0,10.25,10.5,10.75,11.0,11.25,11.5,11.75,12.0,12.25,12.5,12.75,13.0,13.25,13.5,13.75,14.0,14.25,14.5,14.75,15.0,15.25,15.5,15.75,16.0,16.25,16.5,16.75,17.0,17.25,17.5,17.75,18.0,18.25,18.5,18.75,19.0,19.25,19.5,19.75,20.0,20.25,20.5,20.75,21.0,21.25,21.5,21.75,22.0,22.25,22.5,22.75,23.0,23.25,23.5,23.75,24.0,24.25,24.5,24.75,25.0,25.25,25.5,25.75,26.0,26.25,26.5,26.75,27.0,27.25,27.5,27.75,28.0
PALMR_1_N001,8.0,8.25,8.5,8.75,9.0,9.25,9.5,9.75,10.0,10.25,10.5,10.75,11.0,11.25,11.5,11.75,12.0,12.25,12.5,12.75,13.0,13.25,13.5,13.75,14.0,14.25,14.5,14.75,15.0,15.25,15.5,15.75,16.0,16.25,16.5,16.75,17.0,17.25,17.5,17.75,18.0,18.25,18.5,18.75,19.0,19.25,19.5,19.75,20.0,20.25,20.5,20.75,21.0,21.25,21.5,21.75,22.0,22.25,22.5,22.75,23.0,23.25,23.5,23.75,24.0,24.25,24.5,24.75,25.0,25.25,25.5,25.75,26.0,26.25,26.5,26.75,27.0
PETLMAC_6_N004,3.0,3.25,3.5,3.75,4.0,4.25,4.5,4.75,5.0,5.25,5.5,5.75,6.0,6.25,6.5,6.75,7.0,7.25,7.5,7.75,8.0,8.25,8.5,8.75,9.0,9.25,9.5,9.75,10.0,10.25,10.5,10.75,11.0,11.25,11.5,11.75,12.0,12.25,12.5,12.75,13.0,13.25,13.5,13.75,14.0,14.25,14.5,14.75,15.0,15.25,15.5,15.75,16.0,16.25,16.5,16.75,17.0,17.25,17.5,17.75,18.0,18.25,18.5,18.75,19.0,19.25,19.5,19.75,20.0,20.25,20.5,20.75,21.0,21.25,21.5,21.75,22.0
PIT1U1_7_B1,5.0,5.25,5.5,5.75,6.0,6.25,6.5,6.75,7.0,7.25,7.5,7.75,8.0,8.25,8.5,8.75,9.0,9.25,9.5,9.75,10.0,10.25,10.5,10.75,11.0,11.25,11.5,11.75,12.0,12.25,12.5,12.75,13.0,13.25,13.5,13.75,14.0,14.25,14.5,14.75,15.0,15.25,15.5,15.75,16.0,16.25,16.5,16.75,17.0,17.25,17.5,17.75,18.0,18.25,18.5,18.75,19.0,19.25,19.5,19.75,20.0,20.25,20.5,20.75,21.0,21.25,21.5,21.75,22.0,22.25,22.5,22.75,23.0,23.25,23.5,23.75,24.0
PRUNEDLE_1_N001,3.0,3.25,3.5,3.75,4.0,4.25,4.5,4.75,5.0,5.25,5.5,5.75,6.0,6.25,6.5,6.75,7.0,7.25,7.5,7.75,8.0,8.25,8.5,8.75,9.0,9.25,9.5,9.75,10.0,10.25,10.5,10.75,11.0,11.25,11.5,11.75,12.0,12.25,12.5,12.75,13.0,13.25,13.5,13.75,14.0,14.25,14.5,14.75,15.0,15.25,15.5,15.75,16.0,16.25,16.5,16.75,17.0,17.25,17.5,17.75,18.0,18.25,18.5,18.75,19.0,19.25,19.5,19.75,20.0,20.25,20.5,20.75,21.0,21.25,21.5,21.75,22.0
PSE-BEAR_7_B1,3.0,3.25,3.5,3.75,4.0,4.25,4.5,4.75,5.0,5.25,5.5,5.75,6.0,6.25,6.5,6.75,7.0,7.25,7.5,7.75,8.0,8.25,8.5,8.75,9.0,9.25,9.5,9.75,10.0,10.25,10.5,10.75,11.0,11.25,11.5,11.75,12.0,12.25,12.5,12.75,13.0,13.25,13.5,13.75,14.0,14.25,14.5,14.75,15.0,15.25,15.5,15.75,16.0,16.25,16.5,16.75,17.0,17.25,17.5,17.75,18.0,18.25,18.5,18.75,19.0,19.25,19.5,19.75,20.0,20.25,20.5,20.75,21.0,21.25,21.5,21.75,22.0
RADUM_6_N004,6.0,6.25,6.5,6.75,7.0,7.25,7.5,7.75,8.0,8.25,8.5,8.75,9.0,9.25,9.5,9.75,10.0,10.25,10.5,10.75,11.0,11.25,11.5,11.75,12.0,12.25,12.5,12.75,13.0,13.25,13.5,13.75,14.0,14.25,14.5,14.75,15.0,15.25,15.5,15.75,16.0,16.25,16.5,16.75,17.0,17.25,17.5,17.75,18.0,18.25,18.5,18.75,19.0,19.25,19.5,19.75,20.0,20.25,20.5,20.75,21.0,21.25,21.5,21.75,22.0,22.25,22.5,22.75,23.0,23.25,23.5,23.75,24.0,24.25,24.5,24.75,25.0
RENFRO_1_N010,2.0,2.25,2.5,2.75,3.0,3.25,3.5,3.75,4.0,4.25,4.5,4.75,5.0,5.25,5.5,5.75,6.0,6.25,6.5,6.75,7.0,7.25,7.5,7.75,8.0,8.25,8.5,8.75,9.0,9.25,9.5,9.75,10.0,10.25,10.5,10.75,11.0,11.25,11.5,11.75,12.0,12.25,12.5,12.75,13.0,13.25,13.5,13.75,14.0,14.25,14.5,14.75,15.0,15.25,15.5,15.75,16.0,16.25,16.5,16.75,17.0,17.25,17.5,17.75,18.0,18.25,18.5,18.75,19.0,19.25,19.5,19.75,20.0,20.25,20.5,20.75,21.0
RIOBRVTM_1_B1,5.0,5.25,5.5,5.75,6.0,6.25,6.5,6.75,7.0,7.25,7.5,7.75,8.0,8.25,8.5,8.75,9.0,9.25,9.5,9.75,10.0,10.25,10.5,10.75,11.0,11.25,11.5,11.75,12.0,12.25,12.5,12.75,13.0,13.25,13.5,13.75,14.0,14.25,14.5,14.75,15.0,15.25,15.5,15.75,16.0,16.25,16.5,16.75,17.0,17.25,17.5,17.75,18.0,18.25,18.5,18.75,19.0,19.25,19.5,19.75,20.0,20.25,20.5,20.75,21.0,21.25,21.5,21.75,22.0,22.25,22.5,22.75,23.0,23.25,23.5,23.75,24.0
ROCKET_1_N001,1.0,1.25,1.5,1.75,2.0,2.25,2.5,2.75,3.0,3.25,3.5,3.75,4.0,4.25,4.5,4.75,5.0,5.25,5.5,5.75,6.0,6.25,6.5,6.75,7.0,7.25,7.5,7.75,8.0,8.25,8.5,8.75,9.0,9.25,9.5,9.75,10.0,10.25,10.5,10.75,11.0,11.25,11.5,11.75,12.0,12.25,12.5,12.75,13.0,13.25,13.5,13.75,14.0,14.25,14.5,14.75,15.0,15.25,15.5,15.75,16.0,16.25,16.5,16.75,17.0,17.25,17.5,17.75,18.0,18.25,18.5,18.75,19.0,19.25,19.5,19.75,20.0
RVRBANK_1_N005,1.0,1.25,1.5,1.75,2.0,2.25,2.5,2.75,3.0,3.25,3.5,3.75,4.0,4.25,4.5,4.75,5.0,5.25,5.5,5.75,6.0,6.25,6.5,6.75,7.0,7.25,7.5,7.75,8.0,8.25,8.5,8.75,9.0,9.25,9.5,9.75,10.0,10.25,10.5,10.75,11.0,11.25,11.5,11.75,12.0,12.25,12.5,12.75,13.0,13.25,13.5,13.75,14.0,14.25,14.5,14.75,15.0,15.25,15.5,15.75,16.0,16.25,16.5,16.75,17.0,17.25,17.5,17.75,18.0,18.25,18.5,18.75,19.0,19.25,19.5,19.75,20.0
SALINAS_1_N033,2.0,2.25,2.5,2.75,3.0,3.25,3.5,3.75,4.0,4.25,4.5,4.75,5.0,5.25,5.5,5.75,6.0,6.25,6.5,6.75,7.0,7.25,7.5,7.75,8.0,8.25,8.5,8.75,9.0,9.25,9.5,9.75,10.0,10.25,10.5,10.75,11.0,11.25,11.5,11.75,12.0,12.25,12.5,12.75,13.0,13.25,13.5,13.75,14.0,14.25,14.5,14.75,15.0,15.25,15.5,15.75,16.0,16.25,16.5,16.75,17.0,17.25,17.5,17.75,18.0,18.25,18.5,18.75,19.0,19.25,19.5,19.75,20.0,20.25,20.5,20.75,21.0
SANPBLO_1_N001,1.0,1.25,1.5,1.75,2.0,2.25,2.5,2.75,3.0,3.25,3.5,3.75,4.0,4.25,4.5,4.75,5.0,5.25,5.5,5.75,6.0,6.25,6.5,6.75,7.0,7.25,7.5,7.75,8.0,8.25,8.5,8.75,9.0,9.25,9.5,9.75,10.0,10.25,10.5,10.75,11.0,11.25,11.5,11.75,12.0,12.25,12.5,12.75,13.0,13.25,13.5,13.75,14.0,14.25,14.5,14.75,15.0,15.25,15.5,15.75,16.0,16.25,16.5,16.75,17.0,17.25,17.5,17.75,18.0,18.25,18.5,18.75,19.0,19.25,19.5,19.75,20.0
SANRAFL_1_N001,6.0,6.25,6.5,6.75,7.0,7.25,7.5,7.75,8.0,8.25,8.5,8.75,9.0,9.25,9.5,9.75,10.0,10.25,10.5,10.75,11.0,11.25,11.5,11.75,12.0,12.25,12.5,12.75,13.0,13.25,13.5,13.75,14.0,14.25,14.5,14.75,15.0,15.25,15.5,15.75,16.0,16.25,16.5,16.75,17.0,17.25,17.5,17.75,18.0,18.25,18.5,18.75,19.0,19.25,19.5,19.75,20.0,20.25,20.5,20.75,21.0,21.25,21.5,21.75,22.0,22.25,22.5,22.75,23.0,23.25,23.5,23.75,24.0,24.25,24.5,24.75,25.0
SANRAMON_2_N024,1.0,1.25,1.5,1.75,2.0,2.25,2.5,2.75,3.0,3.25,3.5,3.75,4.0,4.25,4.5,4.75,5.0,5.25,5.5,5.75,6.0,6.25,6.5,6.75,7.0,7.25,7.5,7.75,8.0,8.25,8.5,8.75,9.0,9.25,9.5,9.75,10.0,10.25,10.5,10.75,11.0,11.25,11.5,11.75,12.0,12.25,12.5,12.75,13.0,13.25,13.5,13.75,14.0,14.25,14.5,14.75,15.0,15.25,15.5,15.75,16.0,16.25,16.5,16.75,17.0,17.25,17.5,17.75,18.0,18.25,18.5,18.75,19.0,19.25,19.5,19.75,20.0
SEAWIND_1_B1,5.0,5.25,5.5,5.75,6.0,6.25,6.5,6.75,7.0,7.25,7.5,7.75,8.0,8.25,8.5,8.75,9.0,9.25,9.5,9.75,10.0,10.25,10.5,10.75,11.0,11.25,11.5,11.75,12.0,12.25,12.5,12.75,13.0,13.25,13.5,13.75,14.0,14.25,14.5,14.75,15.0,15.25,15.5,15.75,16.0,16.25,16.5,16.75,17.0,17.25,17.5,17.75,18.0,18.25,18.5,18.75,19.0,19.25,19.5,19.75,20.0,20.25,20.5,20.75,21.0,21.25,21.5,21.75,22.0,22.25,22.5,22.75,23.0,23.25,23.5,23.75,24.0
SISQUOC_1_N020,1.0,1.25,1.5,1.75,2.0,2.25,2.5,2.75,3.0,3.25,3.5,3.75,4.0,4.25,4.5,4.75,5.0,5.25,5.5,5.75,6.0,6.25,6.5,6.75,7.0,7.25,7.5,7.75,8.0,8.25,8.5,8.75,9.0,9.25,9.5,9.75,10.0,10.25,10.5,10.75,11.0,11.25,11.5,11.75,12.0,12.25,12.5,12.75,13.0,13.25,13.5,13.75,14.0,14.25,14.5,14.75,15.0,15.25,15.5,15.75,16.0,16.25,16.5,16.75,17.0,17.25,17.5,17.75,18.0,18.25,18.5,18.75,19.0,19.25,19.5,19.75,20.0
SMYRNA2_1_N001,6.0,6.25,6.5,6.75,7.0,7.25,7.5,7.75,8.0,8.25,8.5,8.75,9.0,9.25,9.5,9.75,10.0,10.25,10.5,10.75,11.0,11.25,11.5,11.75,12.0,12.25,12.5,12.75,13.0,13.25,13.5,13.75,14.0,14.25,14.5,14.75,15.0,15.25,15.5,15.75,16.0,16.25,16.5,16.75,17.0,17.25,17.5,17.75,18.0,18.25,18.5,18.75,19.0,19.25,19.5,19.75,20.0,20.25,20.5,20.75,21.0,21.25,21.5,21.75,22.0,22.25,22.5,22.75,23.0,23.25,23.5,23.75,24.0,24.25,24.5,24.75,25.0
SOBRANTE_1_N001,2.0,2.25,2.5,2.75,3.0,3.25,3.5,3.75,4.0,4.25,4.5,4.75,5.0,5.25,5.5,5.75,6.0,6.25,6.5,6.75,7.0,7.25,7.5,7.75,8.0,8.25,8.5,8.75,9.0,9.25,9.5,9.75,10.0,10.25,10.5,10.75,11.0,11.25,11.5,11.75,12.0,12.25,12.5,12.75,13.0,13.25,13.5,13.75,14.0,14.25,14.5,14.75,15.0,15.25,15.5,15.75,16.0,16.25,16.5,16.75,17.0,17.25,17.5,17.75,18.0,18.25,18.5,18.75,19.0,19.25,19.5,19.75,20.0,20.25,20.5,20.75,21.0
SPRINGVL_6_N002,8.0,8.25,8.5,8.75,9.0,9.25,9.5,9.75,10.0,10.25,10.5,10.75,11.0,11.25,11.5,11.75,12.0,12.25,12.5,12.75,13.0,13.25,13.5,13.75,14.0,14.25,14.5,14.75,15.0,15.25,15.5,15.75,16.0,16.25,16.5,16.75,17.0,17.25,17.5,17.75,18.0,18.25,18.5,18.75,19.0,19.25,19.5,19.75,20.0,20.25,20.5,20.75,21.0,21.25,21.5,21.75,22.0,22.25,22.5,22.75,23.0,23.25,23.5,23.75,24.0,24.25,24.5,24.75,25.0,25.25,25.5,25.75,26.0,26.25,26.5,26.75,27.0
STATIND_1_N010,9.0,9.25,9.5,9.75,10.0,10.25,10.5,10.75,11.0,11.25,11.5,11.75,12.0,12.25,12.5,12.75,13.0,13.25,13.5,13.75,14.0,14.25,14.5,14.75,15.0,15.25,15.5,15.75,16.0,16.25,16.5,16.75,17.0,17.25,17.5,17.75,18.0,18.25,18.5,18.75,19.0,19.25,19.5,19.75,20.0,20.25,20.5,20.75,21.0,21.25,21.5,21.75,22.0,22.25,22.5,22.75,23.0,23.25,23.5,23.75,24.0,24.25,24.5,24.75,25.0,25.25,25.5,25.75,26.0,26.25,26.5,26.75,27.0,27.25,27.5,27.75,28.0
STDOIL_1_N009,1.0,1.25,1.5,1.75,2.0,2.25,2.5,2.75,3.0,3.25,3.5,3.75,4.0,4.25,4.5,4.75,5.0,5.25,5.5,5.75,6.0,6.25,6.5,6.75,7.0,7.25,7.5,7.75,8.0,8.25,8.5,8.75,9.0,9.25,9.5,9.75,10.0,10.25,10.5,10.75,11.0,11.25,11.5,11.75,12.0,12.25,12.5,12.75,13.0,13.25,13.5,13.75,14.0,14.25,14.5,14.75,15.0,15.25,15.5,15.75,16.0,16.25,16.5,16.75,17.0,17.25,17.5,17.75,18.0,18.25,18.5,18.75,19.0,19.25,19.5,19.75,20.0
STKTONA_6_N001,4.0,4.25,4.5,4.75,5.0,5.25,5.5,5.75,6.0,6.25,6.5,6.75,7.0,7.25,7.5,7.75,8.0,8.25,8.5,8.75,9.0,9.25,9.5,9.75,10.0,10.25,10.5,10.75,11.0,11.25,11.5,11.75,12.0,12.25,12.5,12.75,13.0,13.25,13.5,13.75,14.0,14.25,14.5,14.75,15.0,15.25,15.5,15.75,16.0,16.25,16.5,16.75,17.0,17.25,17.5,17.75,18.0,18.25,18.5,18.75,19.0,19.25,19.5,19.75,20.0,20.25,20.5,20.75,21.0,21.25,21.5,21.75,22.0,22.25,22.5,22.75,23.0
STKTONA_6_N004,5.0,5.25,5.5,5.75,6.0,6.25,6.5,6.75,7.0,7.25,7.5,7.75,8.0,8.25,8.5,8.75,9.0,9.25,9.5,9.75,10.0,10.25,10.5,10.75,11.0,11.25,11.5,11.75,12.0,12.25,12.5,12.75,13.0,13.25,13.5,13.75,14.0,14.25,14.5,14.75,15.0,15.25,15.5,15.75,16.0,16.25,16.5,16.75,17.0,17.25,17.5,17.75,18.0,18.25,18.5,18.75,19.0,19.25,19.5,19.75,20.0,20.25,20.5,20.75,21.0,21.25,21.5,21.75,22.0,22.25,22.5,22.75,23.0,23.25,23.5,23.75,24.0
STOCKDL_2_N002,9.0,9.25,9.5,9.75,10.0,10.25,10.5,10.75,11.0,11.25,11.5,11.75,12.0,12.25,12.5,12.75,13.0,13.25,13.5,13.75,14.0,14.25,14.5,14.75,15.0,15.25,15.5,15.75,16.0,16.25,16.5,16.75,17.0,17.25,17.5,17.75,18.0,18.25,18.5,18.75,19.0,19.25,19.5,19.75,20.0,20.25,20.5,20.75,21.0,21.25,21.5,21.75,22.0,22.25,22.5,22.75,23.0,23.25,23.5,23.75,24.0,24.25,24.5,24.75,25.0,25.25,25.5,25.75,26.0,26.25,26.5,26.75,27.0,27.25,27.5,27.75,28.0
TAFT1_1_N001,4.0,4.25,4.5,4.75,5.0,5.25,5.5,5.75,6.0,6.25,6.5,6.75,7.0,7.25,7.5,7.75,8.0,8.25,8.5,8.75,9.0,9.25,9.5,9.75,10.0,10.25,10.5,10.75,11.0,11.25,11.5,11.75,12.0,12.25,12.5,12.75,13.0,13.25,13.5,13.75,14.0,14.25,14.5,14.75,15.0,15.25,15.5,15.75,16.0,16.25,16.5,16.75,17.0,17.25,17.5,17.75,18.0,18.25,18.5,18.75,19.0,19.25,19.5,19.75,20.0,20.25,20.5,20.75,21.0,21.25,21.5,21.75,22.0,22.25,22.5,22.75,23.0
TRACY_1_N002,3.0,3.25,3.5,3.75,4.0,4.25,4.5,4.75,5.0,5.25,5.5,5.75,6.0,6.25,6.5,6.75,7.0,7.25,7.5,7.75,8.0,8.25,8.5,8.75,9.0,9.25,9.5,9.75,10.0,10.25,10.5,10.75,11.0,11.25,11.5,11.75,12.0,12.25,12.5,12.75,13.0,13.25,13.5,13.75,14.0,14.25,14.5,14.75,15.0,15.25,15.5,15.75,16.0,16.25,16.5,16.75,17.0,17.25,17.5,17.75,18.0,18.25,18.5,18.75,19.0,19.25,19.5,19.75,20.0,20.25,20.5,20.75,21.0,21.25,21.5,21.75,22.0
USWP-WKR_6_B2,7.0,7.25,7.5,7.75,8.0,8.25,8.5,8.75,9.0,9.25,9.5,9.75,10.0,10.25,10.5,10.75,11.0,11.25,11.5,11.75,12.0,12.25,12.5,12.75,13.0,13.25,13.5,13.75,14.0,14.25,14.5,14.75,15.0,15.25,15.5,15.75,16.0,16.25,16.5,16.75,17.0,17.25,17.5,17.75,18.0,18.25,18.5,18.75,19.0,19.25,19.5,19.75,20.0,20.25,20.5,20.75,21.0,21.25,21.5,21.75,22.0,22.25,22.5,22.75,23.0,23.25,23.5,23.75,24.0,24.25,24.5,24.75,25.0,25.25,25.5,25.75,26.0
VINEYARD_2_N001,8.0,8.25,8.5,8.75,9.0,9.25,9.5,9.75,10.0,10.25,10.5,10.75,11.0,11.25,11.5,11.75,12.0,12.25,12.5,12.75,13.0,13.25,13.5,13.75,14.0,14.25,14.5,14.75,15.0,15.25,15.5,15.75,16.0,16.25,16.5,16.75,17.0,17.25,17.5,17.75,18.0,18.25,18.5,18.75,19.0,19.25,19.5,19.75,20.0,20.25,20.5,20.75,21.0,21.25,21.5,21.75,22.0,22.25,22.5,22.75,23.0,23.25,23.5,23.75,24.0,24.25,24.5,24.75,25.0,25.25,25.5,25.75,26.0,26.25,26.5,26.75,27.0
VSTA_1_N005,7.0,7.25,7.5,7.75,8.0,8.25,8.5,8.75,9.0,9.25,9.5,9.75,10.0,10.25,10.5,10.75,11.0,11.25,11.5,11.75,12.0,12.25,12.5,12.75,13.0,13.25,13.5,13.75,14.0,14.25,14.5,14.75,15.0,15.25,15.5,15.75,16.0,16.25,16.5,16.75,17.0,17.25,17.5,17.75,18.0,18.25,18.5,18.75,19.0,19.25,19.5,19.75,20.0,20.25,20.5,20.75,21.0,21.25,21.5,21.75,22.0,22.25,22.5,22.75,23.0,23.25,23.5,23.75,24.0,24.25,24.5,24.75,25.0,25.25,25.5,25.75,26.0
VSTA_6_N001,9.0,9.25,9.5,9.75,10.0,10.25,10.5,10.75,11.0,11.25,11.5,11.75,12.0,12.25,12.5,12.75,13.0,13.25,13.5,13.75,14.0,14.25,14.5,14.75,15.0,15.25,15.5,15.75,16.0,16.25,16.5,16.75,17.0,17.25,17.5,17.75,18.0,18.25,18.5,18.75,19.0,19.25,19.5,19.75,20.0,20.25,20.5,20.75,21.0,21.25,21.5,21.75,22.0,22.25,22.5,22.75,23.0,23.25,23.5,23.75,24.0,24.25,24.5,24.75,25.0,25.25,25.5,25.75,26.0,26.25,26.5,26.75,27.0,27.25,27.5,27.75,28.0
WARNERVL_2_B1,9.0,9.25,9.5,9.75,10.0,10.25,10.5,10.75,11.0,11.25,11.5,11.75,12.0,12.25,12.5,12.75,13.0,13.25,13.5,13.75,14.0,14.25,14.5,14.75,15.0,15.25,15.5,15.75,16.0,16.25,16.5,16.75,17.0,17.25,17.5,17.75,18.0,18.25,18.5,18.75,19.0,19.25,19.5,19.75,20.0,20.25,20.5,20.75,21.0,21.25,21.5,21.75,22.0,22.25,22.5,22.75,23.0,23.25,23.5,23.75,24.0,24.25,24.5,24.75,25.0,25.25,25.5,25.75,26.0,26.25,26.5,26.75,27.0,27.25,27.5,27.75,28.0
WHITMORE_6_N001,1.0,1.25,1.5,1.75,2.0,2.25,2.5,2.75,3.0,3.25,3.5,3.75,4.0,4.25,4.5,4.75,5.0,5.25,5.5,5.75,6.0,6.25,6.5,6.75,7.0,7.25,7.5,7.75,8.0,8.25,8.5,8.75,9.0,9.25,9.5,9.75,10.0,10.25,10.5,10.75,11.0,11.25,11.5,11.75,12.0,12.25,12.5,12.75,13.0,13.25,13.5,13.75,14.0,14.25,14.5,14.75,15.0,15.25,15.5,15.75,16.0,16.25,16.5,16.75,17.0,17.25,17.5,17.75,18.0,18.25,18.5,18.75,19.0,19.25,19.5,19.75,20.0
WPBART_1_N004,5.0,5.25,5.5,5.75,6.0,6.25,6.5,6.75,7.0,7.25,7.5,7.75,8.0,8.25,8.5,8.75,9.0,9.25,9.5,9.75,10.0,10.25,10.5,10.75,11.0,11.25,11.5,11.75,12.0,12.25,12.5,12.75,13.0,13.25,13.5,13.75,14.0,14.25,14.5,14.75,15.0,15.25,15.5,15.75,16.0,16.25,16.5,16.75,17.0,17.25,17.5,17.75,18.0,18.25,18.5,18.75,19.0,19.25,19.5,19.75,20.0,20.25,20.5,20.75,21.0,21.25,21.5,21.75,22.0,22.25,22.5,22.75,23.0,23.25,23.5,23.75,24.0
WSCOPRSN_1_N001,6.0,6.25,6.5,6.75,7.0,7.25,7.5,7.75,8.0,8.25,8.5,8.75,9.0,9.25,9.5,9.75,10.0,10.25,10.5,10.75,11.0,11.25,11.5,11.75,12.0,12.25,12.5,12.75,13.0,13.25,13.5,13.75,14.0,14.25,14.5,14.75,15.0,15.25,15.5,15.75,16.0,16.25,16.5,16.75,17.0,17.25,17.5,17.75,18.0,18.25,18.5,18.75,19.0,19.25,19.5,19.75,20.0,20.25,20.5,20.75,21.0,21.25,21.5,21.75,22.0,22.25,22.5,22.75,23.0,23.25,23.5,23.75,24.0,24.25,24.5,24.75,25.0
